part number,brand,model,benchmark,memory
WD121KRYZ,WD,Gold,113.0,12288
WD101KRYZ,WD,Gold,107.0,10240
WD6002FRYZ,WD,Gold,101.0,6144
WD8003FRYZ,WD,Gold,100.0,8192
WD6002FFWX,WD,Red Pro,99.8,6144
WD6002FZWX,WD,Black,97.8,6144
0S03839,HGST,Deskstar NAS,94.9,6144
WD8002FRYZ,WD,Gold,94.8,8192
WD1000DHTZ,WD,VelociRaptor,94.6,1024
ST3000NC002,Seagate,Constellation CS,93.9,3072
WD5000BHTZ,WD,"VelociRaptor 2.5""",93.2,500
WD4004FZWX,WD,Black,92.4,4096
ST1000DM010,Seagate,Barracuda,92.3,1024
ST3000DM008,Seagate,Barracuda,92.1,3072
ST2000DM006,Seagate,Barracuda,91.6,2048
WD6001FZWX,WD,Black,91.6,6144
0F23267,HGST,Ultrastar He8 Helium,91.3,8192
0F23668,HGST,Ultrastar He8 Helium,91.3,8192
WD4002FYYZ,WD,Gold,91.1,4096
ST3000VX000,Seagate,Video SV35.6 Series,90.5,3072
ST6000DX000,Seagate,Desktop HDD,90.5,6144
ST6000DM001,Seagate,Desktop HDD,90.3,6144
ST1000VX000,Seagate,Video SV35.6 Series,90.2,1024
WD2500HHTZ,WD,VelociRaptor,90.0,250
ST5000DM002,Seagate,Desktop HDD,89.8,5120
ST4000VN008,Seagate,IronWolf,89.6,4096
WD5000HHTZ,WD,VelociRaptor,89.4,500
ST1000DM003,Seagate,Barracuda 7200.14,89.2,1024
WD100EFAX,WD,Red,89.2,10240
ST2000VX000,Seagate,Video SV35.6 Series,89.0,2048
WD2003FZEX,WD,Black,88.5,2048
ST3000DM001,Seagate,Barracuda 7200.14,88.3,3072
ST2000DM001,Seagate,Barracuda 7200.14,88.2,2048
HDWE150XZSTA,Toshiba,X300,88.2,5120
HDWE150EZSTA,Toshiba,X300,88.2,5120
HDWD120XZSTA,Toshiba,P300,87.9,2048
HDWD120EZSTA,Toshiba,P300,87.9,2048
HDWD120UZSVA,Toshiba,P300,87.9,2048
WD2005FBYZ,WD,Gold,87.8,2048
ST4000VX007,Seagate,SkyHawk,87.2,4096
ST2000DM008,Seagate,Barracuda,86.9,2048
PH3600U-1I72,Toshiba,MD04ACA600,86.8,6144
HDWE160XZSTA,Toshiba,X300,86.8,6144
HDWE160EZSTA,Toshiba,X300,86.8,6144
HDWD130XZSTA,Toshiba,P300,86.6,3072
HDWD130EZSTA,Toshiba,P300,86.6,3072
HDWD130UZSVA,Toshiba,P300,86.6,3072
ST2000NC001,Seagate,Constellation CS,86.3,2048
,Toshiba,DT01ACA200,85.7,2048
0S03835,HGST,Deskstar NAS,85.6,5120
WD80EFAX,WD,Red,85.5,8192
PH3500U-1I72,Toshiba,MD04ACA500,85.4,5120
WD3001FFSX,WD,Red Pro,85.2,3072
WD5001FZWX,WD,Black,84.9,5120
WD1005FBYZ,WD,Gold,84.9,1024
,Toshiba,DT01ACA300,84.7,3072
ST2000DX002,Seagate,FireCuda SSHD,84.5,2048
HUS156045VLS600,Hitachi,UltraStar 15K600,84.5,450
WD40PURZ,WD,Purple Surveillance,84.3,4096
ST2000NM0033,Seagate,Constellation ES.3,84.2,2048
ST3300657SS,Seagate,Cheetah 15K.7 SAS,84.1,300
WD4001FFSX,WD,Red Pro,84.1,4096
HDWD110XZSTA,Toshiba,P300,84.1,1024
HDWD110EZSTA,Toshiba,P300,84.1,1024
HDWD110UZSVA,Toshiba,P300,84.1,1024
,Toshiba,DT01ACA100,84.0,1024
HDWE140XZSTA,Toshiba,X300,84.0,4096
HDWE140EZSTA,Toshiba,X300,84.0,4096
ST1000NM0033,Seagate,Constellation ES.3,83.7,1024
WD10EZEX,WD,Blue,83.4,1024
ST1000DX001,Seagate,Desktop SSHD,83.2,1024
ST2000DX001,Seagate,Desktop SSHD,83.0,2048
STCL2000400,Seagate,Desktop SSHD,83.0,2048
ST3000VX010,Seagate,SkyHawk,82.9,3072
ST4000DM005,Seagate,Barracuda,82.4,4096
WD1003FZEX,WD,Black,82.3,1024
WD3003FZEX,WD,Black,82.0,3072
ST1000DX002,Seagate,FireCuda SSHD,81.8,1024
PH3400U-1I72,Toshiba,MD04ACA400,81.8,4096
ST3000VN007,Seagate,IronWolf,81.7,3072
ST10000DM0004,Seagate,Barracuda Pro,81.7,10240
WD80PURZ,WD,Purple Surveillance,81.5,8192
ST2000VN004,Seagate,IronWolf,81.0,2048
ST500DM009,Seagate,Barracuda,80.9,500
,Hitachi,HDS723030BLE640,80.7,3072
WD60PURZ,WD,Purple Surveillance,80.7,6144
WD1002F9YZ,WD,Se,80.6,1024
PH3300U-1I72,Toshiba,MD04ACA300,80.5,3072
WD4000F9YZ,WD,Se,80.5,4096
WD3000FYYZ,WD,Re,80.4,3072
WD40EZRZ,WD,Blue,80.2,4096
,Hitachi,HDS723020BLE640,80.0,2048
WD4003FZEX,WD,Black,79.5,4096
ST2000VX008,Seagate,SkyHawk,79.4,2048
ST1000VN002,Seagate,IronWolf,78.3,1024
WD4000FYYZ,WD,Re,78.1,4096
ST1000VX005,Seagate,SkyHawk,78.0,1024
HDWD105XZSTA,Toshiba,HDWD105,78.0,500
HDWD105EZSTA,Toshiba,HDWD105,78.0,500
HDWD105UZSVA,Toshiba,HDWD105,78.0,500
,Seagate,ST1500DM003-9YN16G 1.,77.5,5120
WD50EFRX,WD,Red,77.3,5120
WD60EFRX,WD,Red,77.2,6144
WD50EZRX,WD,Green,76.9,5120
WD80EFZX,WD,Red,76.9,8192
WD30PURZ,WD,Purple Surveillance,76.9,3072
ST4000DM000,Seagate,Desktop HDD,76.9,4096
,Seagate,ST4000DM 000-1CD168,76.6,4096
,Seagate,ST2000VM003-1CT164,76.5,2048
WD60EZRZ,WD,Blue,76.3,6144
ST3000VN000,Seagate,NAS HDD,76.3,3072
WD5003AZEX,WD,Black,76.0,500
,WD,WD5000AZLX-00K4KA0,76.0,500
ST2000VN000,Seagate,NAS HDD,75.9,2048
ST4000VN000,Seagate,NAS HDD,75.6,4096
,Toshiba,DT01ACA050,75.1,500
HUS724020ALA640,Hitachi,UltraStar 7K4000,75.1,2048
WD60EZRX,WD,Green,75.1,6144
WD40EFRX,WD,Red,74.9,4096
WD2000F9YZ,WD,Se,74.8,2048
WD3001FAEX,WD,Black,74.8,3072
,Seagate,ST1000VM002-1CT162,74.7,1024
WD4001FAEX,WD,Black,74.1,4096
WD2001FFSX,WD,Red Pro,73.9,2048
WD2000FYYZ,WD,Re,73.7,2048
ST10000VN0004,Seagate,IronWolf,73.4,10240
HUS724030ALE640,Hitachi,UltraStar 7K4000,73.1,3072
ST6000VX0023,Seagate,SkyHawk,73.1,6144
0S03664,HGST,Deskstar NAS,73.0,4096
ST4000DX001,Seagate,Desktop SSHD,72.5,4096
STCL4000400,Seagate,Desktop SSHD,72.5,4096
ST8000VN0022,Seagate,IronWolf,72.3,8192
,Seagate,ST33000650NS,72.0,3072
WD20PURZ,WD,Purple Surveillance,71.9,2048
,Seagate,ST32000645NS,71.8,2048
ST6000DM004,Seagate,Barracuda Pro,71.8,6144
,Hitachi,HDS721010DLE630,71.5,1024
WD40PURX,WD,Purple,71.1,4096
,Hitachi,HDS724040ALE640,70.6,4096
WD30EZRZ,WD,Blue,70.6,3072
ST8000DM004,Seagate,Barracuda,69.3,8192
,Seagate,ST2000NM0011,69.2,2048
,Hitachi,HUA723030ALA640,69.1,3072
HDWA130XZSTA,Toshiba,E300,69.1,3072
HDWA130EZSTA,Toshiba,E300,69.1,3072
,WD,WD1500HLHX-01JJPV0,69.1,150
,Hitachi,HDS5C3030BLE630,69.0,3072
,Toshiba,DT01ABA300,69.0,3072
,Seagate,ST33000651AS,68.8,3072
ST10000VX0004,Seagate,SkyHawk,68.6,10240
WD60EFAX,WD,Red,68.6,6144
,WD,WD6000BLHX-01V7BV0,68.5,600
HDS723030ALA640,Hitachi,Deskstar 7K3000,68.3,3072
WD10PURZ,WD,Purple Surveillance,68.3,1024
HDWA120XZSTA,Toshiba,E300,68.3,2048
HDWA120EZSTA,Toshiba,E300,68.3,2048
WD1503FYYS,WD,Re 1.,68.1,5120
ST8000VX0022,Seagate,SkyHawk,67.6,8192
,Hitachi,HDS72302,67.5,2048
WD10EZRZ,WD,Blue,67.4,1024
WD30EFRX,WD,Red,67.3,3072
ST4000DM004,Seagate,Barracuda,67.3,4096
WD2002FAEX,WD,Black,67.0,2048
WD2003FYYS,WD,Re,66.7,2048
WD10EFRX,WD,Red,66.7,1024
WD20EFRX,WD,Red,66.4,2048
,WD,WD6000HLHX-01JJPV0,66.4,600
,WD,WD20EURX,66.3,2048
,WD,WD4500HLHX-01JJPV0,66.3,450
,WD,WD2001FASS-00U0B0,66.2,2048
WD20PURX,WD,Purple,66.2,2048
WD30PURX,WD,Purple,66.1,3072
WD40EZRX,WD,Green,66.1,4096
,Hitachi,HDS723020BLA642,65.7,2048
,Hitachi,HDS5C3020BLE630,65.4,2048
WD10PURX,WD,Purple,65.4,1024
,Seagate,ST500NM0011,65.0,500
ST3000DM007,Seagate,Barracuda,64.8,3072
WD20EZRZ,WD,Blue,64.8,2048
WD1502FAEX,WD,Black 1.,64.7,5120
,Hitachi,HUA723020ALA640,64.6,2048
,WD,WD10EURX,64.2,1024
,Seagate,Expansion Desk,64.1,4096
,WD,WD45 00HLHX-01JJPV0,64.0,450
WD10EZRX,WD,Green,64.0,1024
,Hitachi,HUA723020ALA641,63.8,2048
,WD,WD1501FASS-00U0B 1.,63.7,5120
,WD,WD3000HLHX-01JJPV0,63.6,300
WD20EZRX,WD,Green,63.6,2048
,WD,WD30EURX,63.3,3072
,Samsung,HD103SM,63.2,1024
ST8000AS0002,Seagate,Archive HDD,62.5,8192
WD40E31X,WD,Blue SSHD,62.4,4096
WD30EZRX,WD,Green,62.3,3072
,Seagate,Backup+ Desk,62.2,4096
,Toshiba,MK1002TSKB,62.2,1024
,WD,WD30EURS-63SPKY0,61.4,3072
ST5000DM000,Seagate,Barracuda Desktop,61.3,5120
,Seagate,ST31000524NS,61.3,1024
WD1003FBYZ,WD,Re,60.7,1024
,Hitachi,HCS5C2020ALA632,60.6,2048
,Hitachi,HUA722010CLA330,60.5,1024
,Hitachi,HDS721050DLE630,60.4,500
WD5003ABYX,WD,RE4,59.8,500
,Hitachi,HDS721010CLA330,59.8,1024
,WD,WD7502AAEX-00Y9A0,59.7,750
,Hitachi,HTS721010A9,59.6,1024
WD1003FBYX,WD,RE4,59.5,1024
,Seagate,ST32000641AS,59.4,2048
,Samsung,HD322GJ,59.3,320
HD103SJ,Samsung,Spinpoint F3,59.2,1024
HTS721010A9E630,HGST,"Travelstar 7K1000 2.5""",59.1,1024
,Seagate,ST3500514NS,59.1,500
,WD,WD3000BLFS-08YBU0,59.0,300
,Seagate,ST500DM005 HD502HJ,59.0,500
ST2000DL003,Seagate,Barracuda Green,58.9,2048
WD2503ABYX,WD,RE4,58.5,250
,Samsung,HD502HJ,58.4,500
ST500DM002,Seagate,Barracuda 7200.14,58.4,500
,Hitachi,HDS723015BLA642 1.,58.2,5120
,Hitachi,HDS72101,58.2,1024
,Toshiba,MK1002TS,58.1,1024
,Hitachi,HDS721010CLA630,58.1,1024
ST2000VX002,Seagate,Surveillance,57.9,2048
,Hitachi,HDS721010CLA632,57.9,1024
MQ01ABD100H,Toshiba,"Notebook SSHD 2.5""",57.6,1024
,WD,WD3000GLFS-01F8U0,57.5,300
,WD,WD1001FALS-41Y6A1,57.4,1024
,WD,WD30EZRS-00J99B0,57.4,3072
,WD,WD740HLFS-01G6U0,57.4,74
,Hitachi,HDS721050CLA360,57.3,500
,WD,WD6402AAEX-00Z3A0,57.3,640
,WD,WD7500AALX-009BA0,57.3,750
,Hitachi,HDS721075CLA332,57.3,750
ST1000DL002,Seagate,Barracuda Green,57.1,1024
,Hitachi,HDS5C4040ALE630,57.1,4096
ST2000DL001,Seagate,Barracuda Green,57.0,2048
,Apple,HDD WDC WD10EALX-408EA0,56.9,1024
WD10EALX,WD,Blue,56.9,1024
WD10EALS,WD,Blue,56.9,1024
WD3000HLFS,WD,VelociRaptor,56.8,300
WD1002FAEX,WD,Black,56.8,1024
HDS721010CLA332,Hitachi,Deskstar 7K1000.C,56.7,1024
,Seagate,ST2000DL 004 HD204UI,56.7,2048
,WD,WD1001FAES-60Z2A0,56.6,1024
,Seagate,ST3500411SV,56.6,500
WD5000AZRX,WD,Green,56.6,500
,Samsung,HD254GJ,56.6,250
,Hitachi,HDS721050CLA362,56.4,500
,Hitachi,HTS721010A9E6300,56.4,1024
,WD,WD1001FALS-00U9B0,56.2,1024
,Seagate,ST31000525SV,56.2,1024
,Hitachi,HDS721050CLA662,56.0,500
,Hitachi,HDS72202,55.8,2048
,WD,WD20EURS-63S48Y0,55.7,2048
,Hitachi,HDS72105,55.7,500
,WD,WD1500HLFS-01G6U1,55.5,150
,WD,WD5002AALX-00J37A0,55.5,500
,Seagate,STM3500418AS,55.5,500
,Samsung,HD253GJ,55.5,250
,Seagate,ST3500410SV,55.4,500
,Hitachi,HDS722020ALA330,55.1,2048
HD204UI,Samsung,Spinpoint F4,54.9,2048
ST1000DM000,Seagate,Desktop HDD,54.9,1024
ST31500341AS,Seagate,Barracuda 7200.11 1.,54.9,5120
,Hitachi,HDS5C3020ALA632,54.7,2048
,WD,WD10EUCX-63YZ1Y0,54.6,1024
,Seagate,ST3500410AS,54.6,500
ST3500413AS,Seagate,Barracuda 7200.12,54.5,500
ST250DM000,Seagate,Barracuda 7200.14,54.3,250
,WD,WD800HLFS-75G6U0,54.3,80
WD7500BPKX,WD,"Black 2.5""",54.1,750
,Hitachi,HDS721050CLA660,54.1,500
WD25EZRX,WD,Green 2.,54.1,5120
,,WL1000GSA6472R,54.0,1024
ST31000524AS,Seagate,Barracuda 7200.12,53.9,1024
,WD,WD5000AUDX-63WNHY0,53.9,500
ST3500418AS,Seagate,Barracuda 7200.12,53.8,500
,Samsung,HD155UI 1.,53.8,5120
WD7500BPKT,WD,"Black 2.5""",53.7,750
,Hitachi,HTS725050A7E630,53.6,500
,Seagate,ST31500341AS 1.,53.4,5120
ST1500DL003,Seagate,Barracuda Green 1.,53.4,5120
,Hitachi,HTS725050A7E63,53.2,500
,Seagate,ST31000524AS,53.0,1024
,WD,WD5002ABYS-02B1B0,52.9,500
,,GB0500EAFYL,52.9,500
WD5000AAKX,WD,Blue,52.6,500
ST1000LM014,Seagate,"Laptop SSHD 2.5"" (",52.6,32
,Seagate,STM31000528AS,52.6,1024
,Hitachi,HDS721025CLA382,52.4,250
,Toshiba,MQ01ACF050,52.4,500
,WD,WD1600HLFS-60G6U2,52.3,160
,Seagate,ST31000333AS,52.2,1024
,Seagate,ST3640323AS,52.2,640
,Seagate,ST3640623AS,51.9,640
,WD,WD7502ABYS-02A6B0,51.8,750
,Maxtor,STM31000333AS,51.4,1024
WD10EARX,WD,Green,51.4,1024
,,GB0250EAFYK,51.2,250
,WD,WD2502ABYS-18B7A0,51.2,250
,Hitachi,HDS5C3030ALA630,51.0,3072
,Seagate,ST2000LM003 HN-M201RAD,51.0,2048
WD20EARX,WD,Green,50.9,2048
,Hitachi,HDT721075SLA380,50.8,750
,Seagate,ST9750422AS,50.8,750
WD7501AALS,WD,Black,50.7,750
WD7500AZRX,WD,Green,50.7,750
,WD,WD25EZRS-00J99B0 2.,50.6,5120
,Samsung,HD102UJ,50.6,1024
,Toshiba,MQ01ACF032,50.4,320
,Seagate,ST310005 28AS,50.4,1024
ST3750525AS,Seagate,Barracuda 7200.12,50.3,750
,,GB1000EAMYC,50.2,1024
WD20EARS,WD,Green,50.2,2048
WD2500AAKX,WD,Blue,50.1,250
,Hitachi,HDS721010CLA,50.0,1024
,Samsung,HE103UJ,50.0,1024
,WD,WD1002FBYS-02A6B0,49.9,1024
ST320DM000,Seagate,Barracuda 7200.14,49.9,320
,Seagate,ST31000520AS,49.8,1024
,Seagate,FA GoFlex Desk,49.6,2048
WD6400AAKS,WD,Blue,49.6,640
WD6401AALS,WD,Black,49.6,640
,Seagate,ST3250312AS,49.5,250
WD05PURZ,WD,Purple Surveillance,49.5,500
,Hitachi,HDE721010SLA330,49.5,1024
,WD,WD2002FYPS-01U1B0,49.5,2048
WD5000BPKX,WD,"Black 2.5""",49.5,500
ST12000VN0007,Seagate,IronWolf,49.3,12288
ST3250318AS,Seagate,Barracuda 7200.12,49.2,250
WD1001X06X,WD,"Black2 2.5"" 1.",49.0,122880
,Hitachi,HTS7275,49.0,750
,Hitachi,HCS5C1010CLA382,49.0,1024
,Hitachi,HDS5C1010CLA382,49.0,1024
,Hitachi,HDS721050CLA,48.9,500
,Maxtor,STM3320613AS,48.9,320
HTS727575A9E364,HGST,"Travelstar 7K750 2.5""",48.8,750
,Hitachi,HDT72101,48.8,1024
,Hitachi,HDT721075SLA360,48.7,750
,Seagate,ST3750528AS,48.7,750
,Hitachi,HDS5C3015ALA632 1.,48.6,5120
WD5000BPKT,WD,"Black 2.5""",48.6,500
ST1000LM014,Seagate,"Laptop SSHD 2.5""",48.5,1024
WD10JFCX,WD,"Red 2.5""",48.4,1024
,Hitachi,HTS72757,48.4,750
,WD,WD3202ABYS-02B7A0,48.4,320
ST750LX003,Seagate,"Momentus XT 7200 RPM 2.5""",48.4,750
,Seagate,ST3320613AS,48.3,320
,Seagate,ST31000340NS,48.3,1024
,Samsung,HD642JJ,48.0,640
WD5001AALS,WD,Black,47.9,500
,Hitachi,HDT721050SLA360,47.8,500
,Toshiba,MK6461GSYN,47.8,640
,Seagate,STM3250318AS,47.7,250
,Seagate,ST3500320NS,47.6,500
,Hitachi,HDT721010SLA360,47.6,1024
WD5000AAKS,WD,Blue,47.6,500
ST9750420AS,Seagate,"Momentus 2.5""",47.6,750
,,VB0250EAVER,47.6,250
WD15EARX,WD,Green 1.,47.5,5120
,Seagate,ST3320813AS,47.5,320
,Seagate,ST3750330NS,47.4,750
HD103UJ,Samsung,Spinpoint F1,47.4,1024
,Maxtor,S TM3320613AS,47.2,320
,Seagate,ST32000542AS,47.2,2048
,Seagate,ST31000322CS,47.1,1024
MQ02ABD100H,Toshiba,"Notebook SSHD 2.5""",47.1,1024
,Toshiba,MK3261GSY,47.1,320
,Samsung,HD321HJ,47.0,320
,Seagate,ST3500820AS,46.9,500
WD10JPVT,WD,"Blue 2.5""",46.9,1024
,WD,WD10JUCT-63J6SY0,46.7,1024
,WD,WD6400AARS-00Y5B1,46.7,640
,Toshiba,MQ01ABD100,46.7,1024
,Samsung,HD153WI 1.,46.7,5120
,Samsung,HD103SI,46.6,1024
,Toshiba,MQ02ABF100,46.6,1024
,Seagate,ST3750630AS,46.5,750
,Seagate,ST31000340AS,46.4,1024
,Apple,HDD HTS545050A7E362,46.4,500
,Seagate,ST3750330SV,46.4,750
,Seagate,ST3250310NS,46.4,250
,Maxtor,STM31000340AS,46.3,1024
WD3200AAKX,WD,Blue,46.2,320
,Seagate,ST3500312CS,46.2,500
ST2000LX001,Seagate,"FireCuda 2.5""",45.9,2048
,WD,WD15EURS-63S48Y0 1.,45.9,5120
WD20EADS,WD,Green,45.9,2048
,Toshiba,MQ01ABD050,45.9,500
,Samsung,HM250HJ,45.9,250
ST1000LX015,Seagate,"FireCuda 2.5""",45.8,1024
,Samsung,MZMPC064HBDR-000,45.8,1024
,WD,WD10S12X-55JTET0,45.8,1024
ST500LM000,Seagate,"Laptop Thin SSHD 2.5""",45.7,500
ST3500320AS,Seagate,Barracuda 7200.11,45.7,500
,Seagate,ST3500620AS,45.7,500
,Samsung,HD502HI,45.6,500
,Hitachi,HTS72755,45.5,500
,Samsung,HD322HJ,45.5,320
,Seagate,ST3500412AS,45.4,500
,Seagate,FreeAgent XTreme,45.4,1024
,Hitachi,HTS725050A9A362,45.3,500
,Samsung,HD105SI,45.3,1024
,Hitachi,HDT721064SLA360,45.3,640
,Samsung,HM320HJ,45.3,320
,Seagate,ST3750330AS,45.2,750
,Toshiba,MK3261GSYN,45.1,320
,Seagate,STM3320418AS,45.1,320
ST95005620AS,Seagate,"Momentus XT SSHD 2.5""",45.1,500
,Seagate,ST310005,45.1,1024
,Seagate,ST3160813AS,45.0,160
,Maxtor,STM3500320AS,45.0,500
WD10JPVX,WD,"Blue 2.5""",45.0,1024
,Hitachi,HTS541010A9,44.9,1024
,Seagate,ST1000LM014-SSHD-,44.9,8
,Samsung,HD161GJ,44.9,160
HM640JJ,Samsung,"Spinpoint MP4 2.5""",44.8,640
WD7500BPVX,WD,"Blue 2.5""",44.8,750
,Hitachi,HDT721032SLA360,44.8,320
WD3200AAKS,WD,Blue,44.7,320
WD10SPCX,WD,"Blue 2.5""",44.7,1024
,Maxtor,STM3160813AS,44.7,160
,WD,WD10EURS-630AB1,44.7,1024
,Seagate,ST31500541AS 1.,44.7,5120
,WD,WD6400AADS-00M2B0,44.7,640
ST3320413AS,Seagate,Barracuda 7200.12,44.6,320
,Hitachi,HDS5C1050CLA382,44.6,500
,WD,WD10EADX-00TDHB0,44.6,1024
WD15EARS,WD,Green 1.,44.6,5120
HD154UI,Samsung,Spinpoint F2,44.6,1024
,Hitachi,HTS541515A9E630 1.,44.6,5120
WD10EARS,WD,Green,44.4,1024
,Toshiba,MQ01ABD0,44.2,500
WD3200AAJS,WD,Blue,44.2,320
ST500LX005,Seagate,SSHD,44.2,500
HD203WI,Samsung,Spinpoint F3,44.2,2048
,Toshiba,MK7559GSXF,44.2,750
,Seagate,ST3250312CS,44.2,250
,Toshiba,MK6461GSY,44.2,640
,WD,WD8000AARS-00Y5B1,44.2,800
WD5000LPVT,WD,"Blue 2.5""",44.1,500
,Seagate,ST3320418AS,44.1,320
,Seagate,ST500LM000-SSHD-,44.0,8
WD5000LPCX,WD,"Blue 2.5""",44.0,500
WD2500AAKS,WD,Blue,44.0,250
ST500LX003,Seagate,"Momentus XT 7200 RPM 2.5""",43.8,500
ST320LT007,Seagate,"Momentus Thin 7200 2.5""",43.7,320
,Samsung,HD503HI,43.6,500
HD753LJ,Samsung,Spinpoint F1,43.6,750
WD5000BEKT,WD,"Black 2.5""",43.5,500
HM500JJ,Samsung,"Spinpoint MP4 2.5""",43.4,500
,Toshiba,MQ01ABF050,43.2,500
,WD,WD3200AVJS-63WDA0,43.1,320
,Seagate,ST500LM012 HN-M500MBB,43.0,500
,WD,WD10EVDS-63N5B1,43.0,1024
WD5000LPVX,WD,"Blue 2.5""",42.9,500
,Toshiba,MQ01ABD075,42.9,750
,Hitachi,HTS725050A9A364,42.9,500
,Samsung,HD250HJ,42.8,250
WD15EADS,WD,Green 1.,42.8,5120
WD7500LPCX,WD,"Blue 2.5""",42.8,750
,Samsung,HD502IJ,42.7,500
,Seagate,ST750LM000-1EJ16G,42.7,750
,Seagate,ST320LT009-9WC142,42.7,320
,Hitachi,HTS725032A7E630,42.5,320
HTS541010A9E680,HGST,"Travelstar 5K1000 2.5""",42.5,1024
,WD,WD75 00AARS-00Y5B,42.5,750
,Hitachi,HDT721032SLA380,42.4,320
,WD,WD10JPCX-24UE4T0,42.3,1024
ST9500420AS,Seagate,"Momentus 2.5""",42.3,500
,Samsung,HD252HJ,42.2,250
WD10J31X,WD,Blue SSHD,42.2,1024
,Toshiba,MK5061GSY,42.2,500
,Seagate,ST3250410AS,42.1,250
ST1000LM024,Seagate,"Momentus 2.5""",42.0,1024
,Toshiba,MK5061GSYN,42.0,500
,Seagate,ST3250310AS,42.0,250
WD10EADS,WD,Green,41.9,1024
,Samsung,HN-M101MBB,41.9,1024
,Seagate,ST500LX012-SSHD-,41.9,8
ST500LT012,Seagate,"Momentus Thin 5400.9 2.5""",41.8,500
WD7500AAKS,WD,Blue,41.8,750
HTS541075A9E680,HGST,"Travelstar 5K1000 2.5""",41.8,750
,Toshiba,MK2556GSY,41.6,250
,Toshiba,MK5056GSY,41.6,500
HTS727550A9E364,HGST,"Travelstar 7K750 2.5""",41.6,500
ST500LX025,Seagate,"FireCuda 2.5""",41.6,500
,Maxtor,STM3250310AS,41.6,250
,WD,WD15EVDS-73V9B1 1.,41.6,5120
,Hitachi,HTS725050A9A360,41.5,500
,Hitachi,HDT721016SLA380,41.4,160
,Hitachi,HDP72505,41.4,500
WD7500AADS,WD,Green,41.2,750
WD3200BEKX,WD,"Black 2.5""",41.2,320
,Toshiba,MQ01ABD064,41.2,640
HDP725050GLA360,Hitachi,Deskstar P7K500,41.1,500
,WD,WD10EAVS-00D7B1,41.1,1024
,Hitachi,HTS725032A9A360,41.0,320
,Hitachi,HTS545050A7E380,41.0,500
,Samsung,HN-M500MBB,41.0,500
,,KingFast,40.9,128
WD3200BEKT,WD,"Black 2.5""",40.8,320
,Toshiba,MQ01ABF032,40.8,320
,Seagate,ST3160318AS,40.8,160
,Samsung,HN-M101M,40.7,1024
,Seagate,ST500LT032-1E9142,40.6,500
,,WL640GSA872,40.5,640
,Hitachi,HTS545050A7E680,40.5,500
WD5000AADS,WD,Green,40.5,500
,Hitachi,HTS545050A7E3800,40.5,500
ST250LT007,Seagate,"Momentus Thin 7200 2.5""",40.4,250
,Hitachi,HDT721032SLA,40.4,320
,Seagate,ST500LM011 HM501II,40.3,500
,Toshiba,MQ01ABD032,40.3,320
,Hitachi,HTS725025A9A364,40.1,250
,Seagate,ST3250310CS,40.1,250
,Samsung,MMCRE28G8MXP-0VBL1,40.1,128
,Toshiba,MK7559GSXP,40.1,750
,Samsung,HM100UI,40.1,1024
,WD,WD740ADFD-00NLR1,40.0,74
WD1600AAJS,WD,Blue,39.9,160
,WD,WD8088AADS-00M2B0,39.9,809
,Seagate,ST500LM0 ST500LM012 HN-M5,39.8,500
,WD,WD10S21X-24R1BT0-SSHD-,39.8,8
WD3200LPVT,WD,"Blue 2.5""",39.7,320
,WD,WD6400AACS-00G8B1,39.6,640
,Seagate,ST3320310CS,39.6,320
,WD,WD10EVCS-63E0B0,39.6,1024
,WD,WD740ADFS-00SLR5,39.5,74
,Hitachi,HTS725032A9A364,39.5,320
,Hitachi,HTS723232A7A364,39.4,320
,WD,WD1500ADFD-00NLR1,39.3,150
WD7500BPVT,WD,"Blue 2.5""",39.3,750
WD2500AAJS,WD,Blue,39.3,250
,Samsung,HD103UI,39.2,1024
,Samsung,HD251HJ,39.2,250
,Toshiba,MK2561GSYN,39.1,250
,WD,WD1600ADFS-60SLR2,39.0,160
,WD,WD10EACS-00ZJB0,39.0,1024
WD5000BPVX,WD,"Blue 2.5""",38.9,500
,Toshiba,MK7575GSX,38.9,750
,WD,WD1500AHFD-00RAR5,38.9,150
,Seagate,ST750LM022 HN-M750MBB,38.8,750
,WD,WD6400AAVS-00G9B1,38.8,640
,Seagate,ST9250410AS,38.8,250
,Samsung,HD200HJ,38.7,200
,Excelstor,Technology J9250S,38.6,250
,,OCZ-AGILITY3,38.5,120
,WD,WD5000AVDS-63U7B1,38.4,500
,Hitachi,HTS54757,38.4,750
,Toshiba,MK6459GSX,38.3,640
WD5000AAJS,WD,Blue,38.1,500
WD3200LPVX,WD,"Blue 2.5""",38.0,320
,Hitachi,HDT721025SLA380,38.0,250
,Hitachi,HDS721075KLA330,38.0,750
HTS547575A9E384,Hitachi,Travelstar 5K750,37.9,750
,Toshiba,MK3265GSX H,37.9,320
WD3200LPCX,WD,"Blue 2.5""",37.9,320
HDP725025GLA380,Hitachi,Deskstar P7K500,37.8,250
,Toshiba,MK1059GSM,37.6,1024
,Hitachi,HUA721010KLA330,37.6,1024
,Hitachi,HDS721010KLA330,37.5,1024
,Seagate,ST9750423AS,37.5,750
,WD,WD2500AVJS-63B6A0,37.5,250
,Hitachi,HDP725050GLA,37.4,500
,WD,WD10TPVT-00H,37.4,1024
,Samsung,HN-M750MBB,37.4,750
,WD,WD5000ABYS-01TNA0,37.3,500
,Toshiba,MK6476GSXN,37.2,640
,Seagate,ST640LM001 HN-M640MBB,37.1,640
,Seagate,ST9320421AS,37.0,320
,Seagate,ST1000LM010-9YH146,37.0,1024
,WD,WD800ADFS-75SLR2,36.9,80
WD2500BEKT,WD,"Black 2.5""",36.9,250
,Hitachi,HTS54505,36.8,500
,Samsung,HM641JI,36.6,640
,WD,WD3200BJKT-00F4T0,36.6,320
,Seagate,ST9320423ASG,36.6,320
,Maxtor,ST3320630NS,36.6,324
,WD,WD5000AVVS-63H0B1,36.5,500
,Seagate,ST1000LM002-9VQ14L,36.4,1024
,,OCZ-AGILITY3,36.3,60
,Hitachi,Touro Mobile 3.0,36.3,1024
,WD,WD5000AACS-00ZUB0,36.2,500
,Seagate,ST9250421ASG,36.0,250
,WD,WD7500AACS-00D6B0,35.8,750
,Seagate,ST640LM000 HM641JI,35.7,640
,Hitachi,HDS721032CLA362,35.7,320
,Hitachi,HTS547564A9E384,35.7,640
,Seagate,ST9320423AS,35.7,320
,WD,WD5001ABYS-01YNA0,35.6,500
,Toshiba,MK3256GSY,35.6,320
HDP725032GLA360,Hitachi,Deskstar P7K500,35.6,320
,Seagate,ST3500830AS,35.6,500
,Hitachi,HDP725050GLAT80,35.5,500
,Seagate,ST9640320AS,35.4,640
,Seagate,ST9320421ASG,35.3,320
,Toshiba,MK6465GSX,35.3,640
,Toshiba,MK1059GSMP,35.1,1024
WD6400BPVT,WD,"Blue 2.5""",35.1,640
WD5000BPVT,WD,"Blue 2.5""",35.1,500
WD800AAJS,WD,Blue,35.1,80
,WD,WD1000FYPS-01ZKB0,35.1,1024
HDP725040GLA360,Hitachi,Deskstar P7K500,35.0,400
,Samsung,HD320KJ,34.9,320
,Seagate,ST3250820NS,34.9,250
,Samsung,HM321HI,34.9,320
,Toshiba,MK6465GSXN,34.8,640
,Maxtor,STM3250820AS,34.8,250
,Seagate,ST3360320AS,34.8,360
,,GB0500C4413,34.8,500
,Maxtor,STM3500630AS,34.7,500
,Seagate,ST3320620NS,34.7,320
,Samsung,HM501II,34.7,500
,Maxtor,STM3320820AS,34.7,320
,WD,WD1600BJKT-75F4T0,34.6,160
,WD,WD3201ABYS-01B9A0,34.6,320
,Maxtor,STM3320620AS,34.6,320
,Samsung,HM500JI,34.6,500
,Seagate,ST3750640AS,34.6,750
,Toshiba,MK1665GSX,34.5,160
,WD,WD1601ABYS-01C0A0,34.5,165
WD4000AAKS,WD,Blue,34.5,400
,WD,WD7500AYPS-01ZKB0,34.4,750
,Seagate,ST3250620NS,34.3,250
,Toshiba,MK3265GSX,34.3,320
,Seagate,ST3750840AS,34.3,750
,Seagate,ST3300620AS,34.2,300
,Seagate,ST3500630AS,34.2,500
ST320LT020,Seagate,"Momentus Thin 5400 2.5""",34.2,320
WD6400BEVT,WD,"Blue 2.5""",34.2,640
ST3320620AS,Seagate,Barracuda 7200.10,34.1,320
,Hitachi,HCC547550A9E380,34.0,500
HD501LJ,Samsung,Spinpoint T166,34.0,500
WD1600BPVT,WD,"Blue 2.5""",33.9,160
WD1600BEKT,WD,"Black 2.5""",33.9,160
,Excelstor,Technology V8160,33.9,165
,Toshiba,MK6475GS,33.8,640
,Hitachi,HTS547550A9E384,33.8,500
,Seagate,ST3250820AS,33.8,250
,Seagate,ST3320820AS,33.8,320
,WD,WD1600AVJS-63SWA0,33.8,160
,Seagate,ST3400620AS,33.7,400
,Maxtor,STM3320620AS,33.7,320
,Seagate,ST3400820AS,33.7,400
,Samsung,HM250HI,33.7,250
ST320LT012,Seagate,"Momentus Thin 5400.9 2.5""",33.7,320
,Seagate,ST320LM001 HN-M320MBB,33.6,320
,Maxtor,S TM3320820AS,33.6,320
,WD,WD5000AAVS-00ZTB0,33.5,500
,Seagate,ST9160411ASG,33.4,160
,Seagate,ST3250620AS,33.4,250
,Toshiba,MK6476GSX,33.3,640
,Hitachi,HTS723232L9SA60,33.3,320
,Hitachi,HCS545050GLA380,33.3,500
WD4000AAJS,WD,Blue,33.3,400
,Toshiba,MK5059GSXP,33.2,500
,Seagate,ST3500630NS,33.2,500
,Seagate,ST9640423AS,33.2,640
,Samsung,HD321KJ,33.2,320
,Seagate,ST9160412ASG,33.2,160
,Seagate,ST3750640NS,33.1,750
,Seagate,ST3400620NS,33.1,400
,Seagate,ST3300820SCE,33.1,300
,Samsung,HM400JI,33.0,400
,WD,WD5000KS-00MNB0,33.0,500
,Toshiba,MK3259GSXP,32.9,320
,Hitachi,HDT725050VLA380,32.9,500
,Hitachi,HTS545050B9A300,32.8,500
,Seagate,ST9160412AS,32.8,160
WD3200BPVT,WD,"Blue 2.5""",32.7,320
,Samsung,HM251HI,32.7,250
,Toshiba,MK6459GSXP,32.7,640
,Hitachi,HTS723232L9A360,32.6,320
,Fujitsu,MJA2500BH G2,32.6,500
,WD,WD3200AVVS-63L2B0,32.6,320
,WD,WD5000YS-18MPB1,32.5,500
,Samsung,HD753LI,32.5,750
,WD,WD740GD-00FLA2,32.4,74
,Hitachi,HCS5C3232SLA380,32.4,320
,Hitachi,HDT725032VLA360,32.3,320
,WD,WD1600AABS-00PRA0,32.1,160
,Seagate,ST3200820AS,32.0,200
,Hitachi,HTS545032B9SA02,32.0,320
,Hitachi,HTS54755,32.0,500
,Hitachi,HTS723225L9A362,32.0,250
,Samsung,HD401LJ,31.9,400
,Fujitsu,MJA2250BH G2,31.9,250
,Toshiba,MK6475GSX,31.8,640
,Maxtor,STM3250820A,31.8,250
,Hitachi,HDT725032VLA380,31.8,320
,Hitachi,HDT725050VLA360,31.7,500
,Maxtor,6V300F0,31.7,300
,Hitachi,HDT725040VLA360,31.7,400
,WD,WD3200AAVS-00ZTB0,31.6,320
,Hitachi,HUA721075KLA,31.6,750
,Maxtor,7V300F0,31.6,300
,Toshiba,MK5075GSX,31.5,500
WD5000BEVT,WD,"Blue 2.5""",31.5,500
,Maxtor,STM3160811AS,31.5,160
HDP725016GLA380,Hitachi,Deskstar P7K500,31.5,160
,Toshiba,MK3275GSX,31.4,320
,Toshiba,MK3276GSX,31.4,320
,WD,WD5000AAKB-00H8A0,31.4,500
ST9500325AS,Seagate,"Momentus 5400.6 2.5""",31.3,500
,Seagate,ST3320820SCE,31.2,320
,Hitachi,HTS545050B9SA00,31.1,500
,Samsung,HD160HJ,31.1,160
,Maxtor,STM3160815AS,31.1,160
,WD,WD2500AAJB-00J3A0,31.0,250
,Hitachi,HTS543216A7A384,31.0,160
,Hitachi,HTS545025B9A300,31.0,250
,Samsung,HD403LJ,31.0,400
,Hitachi,HDT725032VLA,30.9,320
,Hitachi,HTS543232A7A384,30.9,320
,Samsung,HD400LJ,30.9,400
,Maxtor,7H500F0,30.9,500
,Maxtor,STM3200820AS,30.8,200
,Seagate,ST3160811AS,30.8,160
,WD,WD3200AAJB-00J3A0,30.8,320
,Seagate,ST332082 0SCE,30.8,320
,Samsung,HD161HJ,30.8,160
,Seagate,ST9250315AS,30.7,250
,Samsung,HD081GJ,30.7,80
,Maxtor,6V320F0,30.5,320
,Hitachi,HTS545032A7E380,30.5,320
,Samsung,HD082GJ,30.5,80
,Hitachi,HTS723216L9A360,30.4,160
,Seagate,ST3250620A,30.4,250
,Toshiba,MK5055GSX,30.4,500
,Seagate,ST3808110AS,30.4,80
,Hitachi,HTS545050KTA300,30.4,500
,Seagate,ST3160815SV,30.4,160
,WD,WD5000AAJB-00YRA0,30.3,500
,Seagate,ST3250820A,30.3,250
,Seagate,ST3300822AS,30.3,300
,Toshiba,MK5065GSX,30.2,500
,Samsung,HM320II,30.2,320
,Seagate,ST3500830A,30.2,500
,Samsung,SP2504C,30.2,250
,Seagate,ST3160812AS,30.1,160
,Toshiba,MK5065GSXN,30.0,500
,Hitachi,HDS721616PLA380,30.0,160
,Maxtor,6V250F0,29.9,251
,Seagate,ST3160815AS,29.9,160
,Maxtor,6V080E0,29.9,82
,Hitachi,HDS721616PLA380,29.9,165
,Hitachi,HTS723216L9SA60,29.9,160
,Seagate,ST3802110AS,29.8,80
,Seagate,ST3160215AS,29.8,160
,Toshiba,MK5076GSXN,29.8,500
,Maxtor,STM3320820A,29.8,320
,WD,WD3200KS-00PFB0,29.8,320
,WD,WD1600AVBS-63SVA0,29.7,160
,Maxtor,STM3160211AS,29.7,160
,Maxtor,STM3160215AS,29.7,160
,Fujitsu,MHZ2160BJ FFS G2,29.6,160
,Seagate,ST3400832AS,29.6,400
,Seagate,ST380815AS,29.5,80
,Toshiba,MK5076GSX,29.5,500
,Seagate,ST3300622AS,29.5,300
,Fujitsu,MJA2320BH G2,29.4,320
,Seagate,ST3250823AS,29.4,250
,Maxtor,6V200E0,29.4,204
,Excelstor,Technology J8160S,29.4,160
,Toshiba,MK2576GSX,29.4,250
,Seagate,ST3500630A,29.4,500
,Hitachi,HDS721680PLA380,29.4,82
,Seagate,ST380215AS,29.4,80
,Maxtor,STM380215AS,29.3,80
,Hitachi,HDS721680PLA380,29.3,80
,Toshiba,MK5055GSXN,29.2,500
,WD,WD3200BMVS-11F9S0,29.2,320
,WD,WD3200YS-01PGB0,29.2,320
,Hitachi,HDT722525DLA380,29.2,250
,Hitachi,HTS723225L9A360,29.2,250
,Toshiba,MK2555GSX,29.1,250
,Hitachi,HTS545032B9A300,29.0,320
,Seagate,ST3160211AS,29.0,160
WD2500BEVT,WD,"Blue 2.5""",29.0,250
,WD,WD3200JD-22K,29.0,320
,Seagate,ST3400633AS,28.9,400
,WD,WD4000KD-00NAB0,28.8,400
,Hitachi,HDT725032VLAT80,28.8,320
WD3200BEVT,WD,"Blue 2.5""",28.7,320
,WD,WD2500YD-01NVB1,28.7,251
,Samsung,HD252KJ,28.7,250
,Seagate,ST3250824AS,28.6,250
,Maxtor,6V160E0,28.6,160
,Maxtor,7L250S0,28.6,250
,Hitachi,HTS545032B9SA00,28.6,320
,WD,WD1600YS-18SHB2,28.6,160
,WD,WD2500KS-00MJB0,28.5,250
,Seagate,ST3250624AS,28.4,250
,Maxtor,7L250S0,28.4,251
,Maxtor,6L160M0,28.3,160
,Maxtor,7L300S0,28.3,300
,Seagate,ST380811AS,28.3,80
,WD,WD3200JS-63PDB1,28.3,320
,Maxtor,6 L300S0,28.2,300
WD2500BPVT,WD,"Blue 2.5""",28.2,250
,Hitachi,HTS722020K9SA00,28.2,200
,Seagate,ST3300831AS,28.2,300
,Maxtor,6B200M0,28.1,204
,Seagate,ST9320325AS,28.1,320
,WD,WD4000YR-01PLB0,28.1,400
,Hitachi,HTS543225A7A384,28.1,250
,Seagate,ST3400832A,28.1,400
,WD,WD1600AAJB-00PVA0,28.0,160
,Seagate,ST3250823A,28.0,250
,Maxtor,6L200M0,27.9,200
,WD,WD1600YS-01SHB1,27.9,165
,Seagate,ST3200826AS,27.8,200
,WD,WD3200BEVS-16VAT0,27.8,320
,Maxtor,6L300S0,27.8,300
,WD,WD2500YS-01SHB1,27.7,251
,Seagate,ST3160815A,27.7,160
,Seagate,ST3160215SCE,27.7,160
,Hitachi,HTS54323,27.7,320
,Samsung,SP2514N,27.6,250
,Seagate,ST312081 2AS,27.6,120
,Maxtor,6Y120L0,27.6,120
,Seagate,ST380211AS,27.6,80
,WD,WD2000JS-00MHB0,27.5,200
ST9200420AS,Seagate,"Momentus 2.5""",27.4,200
,Seagate,ST3200827AS,27.3,200
,Seagate,ST925032 0AS,27.2,250
,Maxtor,6B250S0,27.2,251
,Maxtor,6L200M0,27.2,204
,WD,WD25 00JS-58NCB1,27.1,250
,Maxtor,6L250S0,27.0,251
,Seagate,ST9320320AS,27.0,320
,Hitachi,HDT725025VLA380,27.0,250
,Seagate,ST3200822AS,26.9,200
WD800BEVT,WD,"Blue 2.5""",26.8,80
,Maxtor,6L250M0,26.7,251
,Hitachi,HDS725050KLA360,26.7,500
,Hitachi,HDS721616PLAT80,26.7,160
,Samsung,SP1603C,26.7,160
,Hitachi,HDT722516DLA380,26.7,165
,WD,WD1600JS-75NCB1,26.7,160
,Maxtor,STM3160215A,26.6,160
,WD,WD3000JS-60PDB0,26.5,300
WD1600BEVT,WD,"Blue 2.5""",26.5,160
,Maxtor,6B160M0,26.5,164
,Seagate,ST3160215A,26.4,160
,Seagate,ST3160212AS,26.4,160
,Toshiba,MK3263GSX,26.4,320
,Maxtor,6Y160M0,26.3,160
,Toshiba,MK3263GS,26.3,320
,Seagate,ST9160310AS,26.1,160
,Maxtor,7Y250M0,26.1,251
,Maxtor,6L100P0,26.1,100
,Hitachi,HDT722525DLAT80,26.1,250
,WD,WD3200JB-00KFA0,26.0,320
,Hitachi,HTS545032B9A,26.0,320
,Seagate,ST3500841AS,25.9,500
,Maxtor,STM380215A,25.9,80
,Seagate,ST3500641AS,25.9,500
,WD,WD1600AABB-00PUA0,25.8,160
,Samsung,HD300LJ,25.7,300
,Toshiba,MK3252GSX,25.7,320
,Seagate,ST9250827AS,25.7,250
,Seagate,ST3802110A,25.6,80
,Samsung,HD160JJ/P,25.6,160
,Toshiba,MK4058GSX,25.5,400
,Samsung,SP1614C,25.4,160
,Samsung,SP1213C,25.4,120
,Toshiba,MK1652GSX,25.2,160
,Seagate,ST3160023AS,25.2,160
,Seagate,ST3120813AS,25.2,120
,Seagate,ST3120827AS,25.1,120
,Seagate,ST380215A,25.1,80
,Maxtor,6Y160M0,25.1,164
,Seagate,ST3120811AS,25.1,120
,Seagate,ST3160827AS,25.0,160
,Maxtor,6 Y080M0,25.0,82
,Fujitsu,MHZ2320BH G2,25.0,320
,Samsung,HD120IJ,25.0,120
,Seagate,ST3120213AS,24.9,120
,Hitachi,HDS725050KLAT80,24.9,500
,Samsung,HD160JJ,24.8,160
,Samsung,HM160HI,24.8,160
,WD,WD2500JD-00HBB0,24.8,250
,Seagate,ST9160827AS,24.7,160
,Maxtor,6Y120M0,24.7,123
,Maxtor,6L080M0,24.7,82
,Toshiba,MK1655GSX,24.7,160
,Maxtor,6 L200P0,24.7,204
,Maxtor,6L160P0,24.7,164
,Samsung,SP2004C,24.6,200
,Maxtor,6Y080M0,24.6,82
,Seagate,ST380819AS,24.6,80
,WD,WD3000JB-00KFA0,24.6,300
,Toshiba,MK1633GSG,24.5,160
,Seagate,ST9120823AS,24.5,120
,Hitachi,HDS722516VLSA80,24.5,165
,Seagate,ST380817AS,24.4,80
,Hitachi,HTS722016K9SA00,24.4,160
,Hitachi,HDS722580VLSA80,24.4,82
,Maxtor,6L080M0,24.4,80
,Seagate,ST380013AS,24.3,80
,Samsung,HD080HJ/P,24.3,80
,Seagate,ST9160823AS,24.3,160
,WD,WD2500BEVS-22UST0,24.3,250
,Samsung,SP0812C,24.2,80
,Hitachi,HTS543232L9SA00,24.2,320
,Seagate,ST3120026AS,24.2,120
,Hitachi,HDS722512VLSA80,24.1,124
,Maxtor,6L300R0,24.0,300
,Hitachi,HTS543232L9A300,24.0,320
,Samsung,HD080HJ,24.0,80
,Hitachi,HTS543225L9SA00,24.0,250
,Hitachi,HDT722516DLAT80,23.9,165
,WD,WD800JD-75MSA3,23.9,80
,WD,WD2000JD-00HBB0,23.9,200
,WD,WD2000JB-00GVA0,23.9,200
,Samsung,SP2014N,23.9,200
,Samsung,SP1604N,23.8,160
,Hitachi,HDS728080PLA380,23.8,82
,Samsung,SP1614N,23.8,160
,WD,WD400BD-22JMC0,23.7,40
,Seagate,ST340014AS,23.7,40
,WD,WD2500BB-98DWA0,23.6,250
,Hitachi,HTS543216L9A300,23.6,160
,Maxtor,7Y250P0,23.6,251
,,IC35L120AVV207-1,23.6,124
,Maxtor,6B200P0,23.5,204
,Fujitsu,MHZ2250BH G2,23.5,250
,Seagate,ST3120211AS,23.5,120
,Samsung,HM250JI,23.5,250
,Seagate,ST3120814A,23.5,120
,Toshiba,MK2552GSX,23.4,250
,Fujitsu,MHZ2160BH G2,23.4,160
,Hitachi,HDS724040KLSA80,23.4,400
,Hitachi,HTS543216L9SA00,23.3,160
,Samsung,HM160HC,23.3,160
,Samsung,SP1213N,23.2,120
,Excelstor,Technology J880,23.2,82
,Maxtor,6 Y160P0,23.2,164
,Seagate,ST980813AS,23.2,80
,WD,WD1200JD-00HBC0,23.1,120
,Hitachi,HDS728080PLA380,23.1,80
,Samsung,SP0812N,23.1,80
,WD,WD1600JD-22HBB0,23.1,160
,WD,WD1600JB-00GVC0,23.0,160
,WD,WD800BD-22MRA1,23.0,80
,Hitachi,HDS728040PLA320,22.9,40
,Maxtor,6L200R0,22.9,204
,Hitachi,HTS545016B9A300,22.9,160
,Hitachi,HTS543225L9A300,22.7,250
,Samsung,SP0842N,22.6,80
,Maxtor,6Y080P0,22.6,82
,Hitachi,HTS722012K9SA00,22.6,120
,WD,WD2500JB-00REA0,22.5,250
,Fujitsu,MHW2160BJ FFS G2,22.5,160
,Hitachi,HTS542525K9SA00,22.4,250
,Maxtor,6E040L0,22.4,41
,WD,WD1200JB-00EVA0,22.4,120
,Samsung,HD300LD,22.4,300
,Toshiba,MK2546GSX,22.3,250
,Samsung,SP0411C,22.3,40
,WD,WD800JB-00ETA0,22.2,80
,Toshiba,MK2546GSX_200,22.1,200
,WD,WD1600BEVS-22UST0,22.1,160
,Maxtor,6L160P0,22.0,160
,Maxtor,6Y120L0,21.9,123
,Fujitsu,MHZ2120B,21.7,120
,Seagate,ST3160023A,21.7,160
,WD,WD1200BB-00RDA0,21.7,120
,Hitachi,HTS542512K9SA00,21.4,120
,Samsung,SP0822N,21.3,80
,Hitachi,HTS543212L9A300,21.2,120
,WD,WD400JB-00FMA0,21.0,40
,WD,WD800JB-00JJC0,21.0,80
,Fujitsu,MHY2250BH,21.0,250
,Maxtor,6Y080L0,20.8,82
,Seagate,ST380023AS,20.5,80
,WD,WD1200BEVS-60UST0,20.5,120
,Samsung,SP0802N,20.4,80
,Hitachi,HTS721010G9SA00,20.4,100
,Samsung,SP0411N,20.2,40
,WD,WD400BB-60DGA0,20.1,40
,Hitachi,HDS728080PLAT20,20.0,82
,WD,WD1600BB-22GUC0,20.0,160
,Fujitsu,MHY2120BH,19.9,120
,Seagate,ST910021AS,19.9,100
,Maxtor,6Y060L0,19.9,61
,Seagate,ST3160021A,19.9,160
,WD,WD1600BEVE-00WZT0,19.7,160
,Seagate,ST3120022A,19.7,120
,WD,WD800BB-88JHC0,19.7,80
,Hitachi,HTS542516K9SA00,19.7,160
,Seagate,ST380011A,19.5,80
,Maxtor,6 Y120P0,19.4,123
,Seagate,ST340014A,19.3,40
,Fujitsu,MHY2160BH,19.2,160
,Toshiba,MK1646GSX,19.1,160
,Fujitsu,MHY2200BH,19.0,200
,WD,WD800BEVS-22RST0,18.5,80
,Fujitsu,MHW2120BH,18.4,120
,Toshiba,MK8037GSX,18.2,80
,Hitachi,HTS542580K9SA00,17.8,80
,Seagate,ST3120023A,17.7,120
,Seagate,ST9160821AS,17.6,160
,Toshiba,MK1637GSX,17.6,160
,Hitachi,HTS541616J9SA00,17.6,160
,Seagate,ST9120822AS,17.2,120
,Hitachi,HTS541680J9SA00,17.1,80
,WD,WD600BB-75CAA0,17.0,60
,Seagate,ST980811AS,17.0,80
,Seagate,ST340016A,16.8,40
,Fujitsu,MHW2080BH,16.7,80
,Hitachi,HDS722580VLAT20,16.6,61
,Seagate,ST360021A,16.6,60
,Fujitsu,MHV2120BH PL,16.5,120
,Hitachi,HTS541612J9SA00,16.3,120
,Toshiba,MK1237GSX,16.0,120
,Toshiba,MK2035GSS,16.0,200
,Fujitsu,MHV2100BH,15.7,100
,Seagate,ST98823AS,15.7,80
,Fujitsu,MHV2080BH PL,15.5,80
,Seagate,ST9100824AS,15.4,100
,Seagate,ST340015A,15.3,40
,Hitachi,HTS541010G9SA00,15.0,100
,Maxtor,4G120J6,14.9,123
,Toshiba,MK1234GSX,14.4,120
,Toshiba,MK8034GSX,13.5,80
,Toshiba,MK8032GSX,12.8,80
,Seagate,ST960821A,9.96,60
